{
  "xgb_weight": 0.9885786019592471,
  "lgb_weight": 0.011421398040752909
}