{
  "Ampara": 1.0,
  "Anuradhapura": 0.9965771216433226,
  "Badulla": 0.956693119466311,
  "Batticaloa": 1.0,
  "Colombo": 1.0,
  "Galle": 0.9935250079451841,
  "Gampaha": 0.9871152187239729,
  "Hambantota": 0.920322139081311,
  "Jaffna": 0.8941933945564433,
  "Kalutara": 0.9053734098007198,
  "Kandy": 0.9439490068070242,
  "Kegalle": 0.9373299897773751,
  "Kilinochchi": 1.0,
  "Kurunegala": 0.9498283962811196,
  "Mannar": 1.0,
  "Matale": 1.0,
  "Matara": 0.9765182559207836,
  "Monaragala": 1.0,
  "Mullaitivu": 1.0,
  "Nuwara Eliya": 0.9173488320264718,
  "Polonnaruwa": 0.9573461002480725,
  "Puttalam": 1.0,
  "Ratnapura": 0.9427369472231923,
  "Trincomalee": 1.0,
  "Vavuniya": 1.0
}