{
  "Ampara": 1.0,
  "Anuradhapura": 0.9948798138829905,
  "Badulla": 1.0084678938600273,
  "Batticaloa": 0.9986456466755439,
  "Colombo": 0.9982095500812168,
  "Galle": 0.9801141461781928,
  "Gampaha": 0.9708692298659906,
  "Hambantota": 0.9739360329499163,
  "Jaffna": 1.0,
  "Kalutara": 0.9804314763649734,
  "Kandy": 0.9929953837473576,
  "Kegalle": 0.9947475656575318,
  "Kilinochchi": 1.0,
  "Kurunegala": 1.0,
  "Mannar": 1.0,
  "Matale": 0.9581008307991136,
  "Matara": 0.9987099420559818,
  "Monaragala": 1.0,
  "Mullaitivu": 1.0,
  "Nuwara Eliya": 1.0,
  "Polonnaruwa": 0.9802183107710434,
  "Puttalam": 1.0,
  "Ratnapura": 0.9933808650679739,
  "Trincomalee": 1.0,
  "Vavuniya": 1.0
}