{
  "Hepatitis A": {
    "MAE": 0.3325080992083539,
    "RMSE": 0.6196686674709088,
    "R2": 0.14466078953819472,
    "MSE_norm": 0.01596030003066257,
    "Epochs": 150
  },
  "Typhus": {
    "MAE": 0.8925055045225291,
    "RMSE": 2.163826201348406,
    "R2": 0.4577777579943907,
    "MSE_norm": 0.005972122231686063,
    "Epochs": 150
  }
}